<?xml version="1.0"?>
<!DOCTYPE package-info SYSTEM "http://www.simplemachines.org/xml/package-info">

<package-info xmlns="http://www.simplemachines.org/xml/package-info" xmlns:smf="http://www.simplemachines.org/">
	<id>RRasco:SMFGarage</id>
	<name>SMF Garage</name>
	<type>modification</type>
	<version>1.0 RC1</version>

	<!-- Installation, the key part of this file. -->
    <install for="2.0-2.99">
		<readme>ReadMe.txt</readme>
        <code type="file">install_db.php</code>
        <modification type="file">modification.xml</modification>
        <require-file name="Garage.php" destination="$sourcedir" />
        <require-file name="GarageFunctions.php" destination="$sourcedir" />
        <require-file name="GarageSettings.php" destination="$sourcedir" />
        <require-file name="GarageManagement.php" destination="$sourcedir" />
        <require-file name="Garage.template.php" destination="$themedir" />
        <require-file name="GarageSettings.template.php" destination="$themedir" />
        <require-file name="GarageManagement.template.php" destination="$themedir" />
        <require-file name="Garage.english.php" destination="$languagedir" />
        <require-file name="Garage.english-utf8.php" destination="$languagedir" />
        <require-file name="dynamicoptionlist.js" destination="$themedir" />
        <require-file name="garage_functions.js" destination="$themedir" />
        <require-file name="gen_validatorv2.js" destination="$themedir" />
        <require-file name="mootools1.11.js" destination="$themedir" />
        <require-file name="shadowbox.css" destination="$themedir" />
        <require-file name="shadowbox.js" destination="$themedir" />
        <require-file name="shadowbox-mootools.js" destination="$themedir" />
        <require-file name="smfg_eip.js" destination="$themedir" />
        <require-file name="smfg_ajax.js" destination="$themedir" />
        <require-file name="SSI_Garage.php" destination="$boarddir" />
        <require-file name="ssi_garage_examples.php" destination="$boarddir" />
        <require-dir name="images" destination="$themedir" />
        <require-dir name="Garage" destination="$boarddir" />
	</install>

    <!-- Don't forget something to make it uninstallable! -->
	<uninstall for="2.0-2.99">
		<modification type="file" reverse="true">modification.xml</modification>
	</uninstall>

</package-info>
